time;distance;pace;heartRate
0.0;0.0;0.0;87
1.0;0.0;0.0;87
2.0;0.0;0.0;87
3.0;0.0;0.0;88
4.0;0.0;0.0;88
5.0;0.0;0.0;88
6.0;0.0;0.0;88
7.0;0.0;0.0;88
8.0;0.0;0.0;89
9.0;0.0;0.0;89
10.0;0.0;0.0;89
11.0;0.0;6.2696;89
12.0;2.5;8.1952;88
13.0;5.300000190734863;9.433;88
14.0;8.199999809265137;10.1508;88
15.0;11.199999809265137;10.6192;88
16.0;14.300000190734863;10.9712;90
17.0;17.399999618530273;11.2079;89
18.0;20.600000381469727;11.3739;89
19.0;23.799999237060547;11.4996;90
20.0;27.0;11.5799;92
21.0;30.200000762939453;11.6318;91
22.0;33.5;11.6867;91
23.0;36.79999923706055;11.7502;92
24.0;40.099998474121094;11.8064;92
25.0;43.400001525878906;11.842;95
26.0;46.70000076293945;11.8532;99
27.0;50.0;11.8532;102
28.0;53.29999923706055;11.8226;105
29.0;56.599998474121094;11.7652;107
30.0;59.70000076293945;11.6824;107
31.0;62.900001525878906;11.5407;109
32.0;66.0;11.3097;110
33.0;69.0999984741211;11.0552;111
34.0;72.0;10.876;112
35.0;75.0;10.8187;113
36.0;78.0999984741211;10.9283;114
37.0;81.30000305175781;11.1258;115
38.0;84.4000015258789;11.3234;115
39.0;87.5999984741211;11.5182;116
40.0;90.9000015258789;11.7065;116
41.0;94.19999694824219;11.8844;117
42.0;97.5999984741211;12.038;117
43.0;100.9000015258789;12.038;118
44.0;100.9000015258789;12.038;119
45.0;104.19999694824219;12.3103;120
46.0;104.19999694824219;13.29;122
47.0;107.69999694824219;13.29;123
48.0;111.19999694824219;12.3953;124
49.0;111.19999694824219;12.3953;125
50.0;111.19999694824219;12.3696;126
51.0;111.19999694824219;16.02;127
52.0;115.30000305175781;18.14;128
53.0;115.69999694824219;20.24;129
54.0;116.0999984741211;21.82;130
55.0;116.5;22.85;131
56.0;121.0;21.18;131
57.0;138.39999389648438;19.52;132
58.0;160.5;17.85;132
59.0;175.1999969482422;16.7;133
60.0;175.1999969482422;15.56;134
61.0;175.1999969482422;14.67;135
62.0;175.1999969482422;13.78;135
63.0;175.1999969482422;12.37;135
64.0;175.1999969482422;10.48;136
65.0;175.1999969482422;8.44;136
66.0;175.1999969482422;7.44;136
67.0;175.1999969482422;6.59;136
68.0;175.1999969482422;6.25;136
69.0;175.1999969482422;6.66;136
70.0;175.1999969482422;6.29;137
71.0;175.1999969482422;5.48;138
72.0;175.1999969482422;4.52;138
73.0;175.1999969482422;3.66;139
74.0;175.1999969482422;2.96;139
75.0;175.1999969482422;3.18;139
76.0;175.1999969482422;3.14;140
77.0;175.1999969482422;3.11;140
78.0;175.1999969482422;3.48;140
79.0;175.1999969482422;3.44;141
80.0;175.1999969482422;3.4;142
81.0;175.1999969482422;3.92;143
82.0;175.1999969482422;4.44;144
83.0;175.1999969482422;4.44;145
84.0;175.1999969482422;4.44;146
85.0;175.1999969482422;4.44;145
86.0;175.1999969482422;4.44;144
87.0;175.1999969482422;4.44;145
88.0;175.1999969482422;4.44;146
89.0;175.1999969482422;4.51;146
90.0;175.1999969482422;4.62;147
91.0;175.1999969482422;4.74;148
92.0;175.1999969482422;4.85;148
93.0;175.1999969482422;5.07;149
94.0;175.1999969482422;5.22;149
95.0;176.3000030517578;5.33;149
96.0;178.60000610351562;5.53;150
97.0;181.10000610351562;5.71;150
98.0;183.5;5.87;150
99.0;186.3000030517578;6.08;151
100.0;189.0;6.42;151
101.0;192.60000610351562;6.88;151
102.0;197.60000610351562;7.17;152
103.0;203.1999969482422;7.57;153
104.0;210.1999969482422;8.06;155
105.0;217.10000610351562;8.63;155
106.0;223.5;9.06;155
107.0;229.10000610351562;10.58;155
108.0;234.5;10.68;155
109.0;239.39999389648438;10.75;155
110.0;243.1999969482422;10.82;155
111.0;245.6999969482422;10.74;154
112.0;247.39999389648438;10.63;154
113.0;247.60000610351562;10.62;153
114.0;249.0;10.61;153
115.0;250.89999389648438;10.59;153
116.0;253.3000030517578;10.56;153
117.0;256.3999938964844;10.54;153
118.0;259.5;10.55;153
119.0;262.70001220703125;10.58;153
120.0;265.8999938964844;10.63;153
121.0;268.70001220703125;10.68;153
122.0;271.8999938964844;10.71;154
123.0;275.0;10.72;154
124.0;278.1000061035156;10.71;154
125.0;281.0;10.68;154
126.0;283.70001220703125;10.64;154
127.0;286.0;10.51;154
128.0;288.20001220703125;10.42;154
129.0;290.6000061035156;10.41;154
130.0;293.20001220703125;10.31;154
131.0;295.8999938964844;10.18;154
132.0;298.29998779296875;10.04;154
133.0;300.8999938964844;9.94;154
134.0;303.29998779296875;9.84;154
135.0;305.6000061035156;9.76;153
136.0;308.6000061035156;9.71;153
137.0;311.0;9.66;153
138.0;313.20001220703125;9.58;153
139.0;315.6000061035156;9.54;153
140.0;317.70001220703125;9.56;154
141.0;320.70001220703125;9.62;154
142.0;324.0;9.7;155
143.0;327.20001220703125;9.8;155
144.0;330.5;9.91;156
145.0;333.6000061035156;9.99;156
146.0;337.20001220703125;10.03;157
147.0;340.3999938964844;10.03;158
148.0;343.6000061035156;10.02;158
149.0;346.5;10.02;158
150.0;349.20001220703125;9.98;159
151.0;351.79998779296875;9.95;160
152.0;354.0;9.96;160
153.0;356.3999938964844;9.95;161
154.0;359.0;9.9;162
155.0;360.8999938964844;9.86;163
156.0;363.3999938964844;9.8;164
157.0;365.70001220703125;9.74;162
158.0;368.29998779296875;9.69;161
159.0;370.6000061035156;9.69;160
160.0;372.8999938964844;9.74;159
161.0;376.20001220703125;9.81;158
162.0;379.29998779296875;9.87;158
163.0;382.1000061035156;9.95;157
164.0;385.1000061035156;9.98;157
165.0;388.5;9.94;156
166.0;391.3999938964844;9.85;156
167.0;393.70001220703125;9.74;156
168.0;395.70001220703125;9.58;154
169.0;397.20001220703125;9.42;154
170.0;398.29998779296875;9.26;154
171.0;399.29998779296875;9.13;154
172.0;400.70001220703125;8.92;154
173.0;401.8999938964844;8.66;154
174.0;402.8999938964844;8.48;154
175.0;405.0;8.42;154
176.0;407.5;8.43;154
177.0;410.20001220703125;8.45;154
178.0;412.70001220703125;8.47;154
179.0;415.20001220703125;8.47;154
180.0;417.79998779296875;8.35;155
181.0;420.29998779296875;8.18;155
182.0;422.20001220703125;8.0;155
183.0;424.20001220703125;7.83;155
184.0;425.79998779296875;7.75;155
185.0;427.8999938964844;7.81;155
186.0;430.20001220703125;7.94;155
187.0;432.5;8.08;155
188.0;434.8999938964844;8.19;155
189.0;437.20001220703125;8.29;155
190.0;439.70001220703125;8.35;155
191.0;442.8999938964844;8.4;155
192.0;445.70001220703125;8.45;155
193.0;448.5;8.53;155
194.0;451.3999938964844;8.61;155
195.0;454.1000061035156;8.71;155
196.0;456.8999938964844;8.83;155
197.0;460.20001220703125;8.96;154
198.0;463.3999938964844;9.05;154
199.0;466.8999938964844;9.16;155
200.0;469.8999938964844;9.27;155
201.0;473.20001220703125;9.36;155
202.0;476.29998779296875;9.43;155
203.0;479.29998779296875;9.49;155
204.0;482.1000061035156;9.54;155
205.0;485.1000061035156;9.57;155
206.0;488.0;9.6;155
207.0;490.3999938964844;9.62;156
208.0;493.1000061035156;9.64;156
209.0;495.79998779296875;9.64;156
210.0;498.6000061035156;9.66;156
211.0;501.5;9.67;156
212.0;504.20001220703125;9.69;157
213.0;506.8999938964844;9.7;157
214.0;509.3999938964844;9.18;157
215.0;512.2000122070312;8.88;158
216.0;516.2000122070312;8.73;158
217.0;519.2000122070312;8.63;158
218.0;522.5999755859375;8.54;158
219.0;526.0999755859375;8.45;158
220.0;529.4000244140625;8.36;158
221.0;532.5;8.28;158
222.0;535.5999755859375;8.2;158
223.0;538.4000244140625;8.12;158
224.0;540.5999755859375;8.04;158
225.0;542.2999877929688;7.97;158
226.0;544.5;7.89;158
227.0;546.5;7.82;158
228.0;548.2000122070312;7.74;158
229.0;550.5;7.66;159
230.0;552.9000244140625;7.58;159
231.0;555.0999755859375;7.5;158
232.0;557.0999755859375;7.42;158
233.0;559.7000122070312;7.33;158
234.0;562.0;7.25;158
235.0;564.5;7.18;159
236.0;567.0;7.11;159
237.0;570.0999755859375;7.04;159
238.0;572.9000244140625;6.97;159
239.0;576.2999877929688;6.91;160
240.0;580.0999755859375;6.85;160
241.0;584.0;6.8;160
242.0;588.5;6.74;160
243.0;593.7000122070312;6.69;160
244.0;599.0999755859375;6.65;159
245.0;604.4000244140625;6.6;159
246.0;609.2000122070312;6.56;159
247.0;613.9000244140625;6.52;159
248.0;618.2999877929688;6.48;159
249.0;622.5;6.44;159
250.0;626.7999877929688;6.41;159
251.0;631.2000122070312;6.37;159
252.0;634.7000122070312;6.34;159
253.0;637.4000244140625;6.31;159
254.0;640.0999755859375;6.28;159
255.0;642.9000244140625;6.26;159
256.0;646.0999755859375;6.23;159
257.0;648.5999755859375;6.21;159
258.0;650.7000122070312;6.18;160
259.0;652.2999877929688;6.16;161
260.0;653.7999877929688;6.14;161
261.0;654.9000244140625;6.12;161
262.0;656.4000244140625;6.09;162
263.0;658.9000244140625;6.05;163
264.0;661.2999877929688;6.0;164
265.0;663.2999877929688;5.94;164
266.0;664.4000244140625;5.88;164
267.0;668.0999755859375;5.81;164
268.0;670.4000244140625;5.76;165
269.0;671.5;5.7;165
270.0;672.0999755859375;5.66;165
271.0;674.4000244140625;5.63;165
272.0;674.5;5.61;164
273.0;675.0;5.6;163
274.0;677.0;5.6;160
275.0;678.5999755859375;5.6;160
276.0;678.9000244140625;5.6;160
277.0;680.5;5.6;160
278.0;683.4000244140625;5.61;160
279.0;687.9000244140625;5.63;160
280.0;692.0;5.66;160
281.0;693.7999877929688;5.69;160
282.0;697.0999755859375;5.73;159
283.0;700.7000122070312;5.76;159
284.0;703.7000122070312;5.8;159
285.0;707.5999755859375;5.85;159
286.0;710.7000122070312;5.9;159
287.0;712.7999877929688;5.95;159
288.0;714.9000244140625;6.01;158
289.0;716.7000122070312;6.07;157
290.0;718.2000122070312;6.13;157
291.0;720.5999755859375;6.19;157
292.0;722.5999755859375;6.24;158
293.0;724.9000244140625;6.3;159
294.0;726.2000122070312;6.34;160
295.0;728.5;6.39;160
296.0;730.7999877929688;6.44;160
297.0;733.5999755859375;6.48;160
298.0;736.4000244140625;6.53;161
299.0;739.0999755859375;6.58;161
300.0;741.4000244140625;6.63;161
301.0;743.2000122070312;6.67;161
302.0;745.5;6.71;161
303.0;747.9000244140625;6.74;161
304.0;749.9000244140625;6.76;160
305.0;752.0;6.78;160
306.0;753.7000122070312;6.78;160
307.0;755.2000122070312;6.78;160
308.0;756.9000244140625;6.78;161
309.0;758.9000244140625;6.77;161
310.0;760.7999877929688;6.65;161
311.0;762.5;6.58;161
312.0;764.4000244140625;6.54;161
313.0;766.4000244140625;6.52;160
314.0;768.2999877929688;6.5;159
315.0;770.0999755859375;6.48;160
316.0;771.7000122070312;6.47;160
317.0;773.7000122070312;6.47;160
318.0;775.7999877929688;6.45;160
319.0;777.9000244140625;6.45;160
320.0;780.0;6.45;160
321.0;782.0999755859375;6.45;160
322.0;784.5;6.46;160
323.0;786.9000244140625;6.48;160
324.0;789.7000122070312;6.52;160
325.0;792.7999877929688;6.57;160
326.0;795.7000122070312;6.62;160
327.0;798.4000244140625;6.67;160
328.0;800.7999877929688;6.71;160
329.0;803.2000122070312;6.75;160
330.0;806.2000122070312;6.78;160
331.0;809.0;6.82;160
332.0;811.7999877929688;6.86;160
333.0;814.2999877929688;6.9;160
334.0;817.0;6.93;160
335.0;819.9000244140625;6.96;160
336.0;823.0;6.99;160
337.0;826.0999755859375;7.02;160
338.0;829.7000122070312;7.06;160
339.0;832.5;7.12;160
340.0;835.0;7.2;160
341.0;838.0999755859375;7.28;160
342.0;841.9000244140625;7.37;160
343.0;846.4000244140625;7.47;160
344.0;850.0;7.56;160
345.0;854.2999877929688;7.65;161
346.0;858.4000244140625;7.74;161
347.0;861.9000244140625;7.83;161
348.0;865.7000122070312;7.92;161
349.0;869.0999755859375;8.0;161
350.0;872.0999755859375;8.08;161
351.0;874.5;8.16;161
352.0;875.7000122070312;8.22;161
353.0;878.4000244140625;8.28;161
354.0;880.4000244140625;8.32;161
355.0;882.4000244140625;8.35;161
356.0;884.7999877929688;8.37;161
357.0;887.5;8.37;161
358.0;890.0999755859375;8.37;161
359.0;892.5999755859375;8.37;161
360.0;894.7000122070312;8.29;161
361.0;896.9000244140625;8.22;161
362.0;898.5;8.14;161
363.0;900.5;8.01;161
364.0;902.5999755859375;7.9;161
365.0;904.2000122070312;7.79;161
366.0;906.4000244140625;7.67;161
367.0;909.2000122070312;7.55;161
368.0;911.5999755859375;7.5;161
369.0;914.5;7.43;161
370.0;917.5999755859375;7.39;160
371.0;920.7999877929688;7.39;160
372.0;923.7999877929688;7.37;160
373.0;926.7999877929688;7.37;160
374.0;929.7999877929688;7.37;160
375.0;932.2999877929688;7.37;160
376.0;934.0999755859375;7.35;160
377.0;936.9000244140625;7.35;160
378.0;939.0999755859375;7.36;160
379.0;941.5;7.36;160
380.0;943.2999877929688;7.36;160
381.0;945.0999755859375;7.35;160
382.0;947.0;7.33;160
383.0;948.7999877929688;7.33;160
384.0;951.2999877929688;7.35;161
385.0;953.7000122070312;7.4;161
386.0;956.2999877929688;7.45;161
387.0;958.9000244140625;7.52;160
388.0;961.5;7.57;160
389.0;964.5999755859375;7.61;160
390.0;967.7999877929688;7.64;160
391.0;970.7000122070312;7.67;160
392.0;973.5999755859375;7.7;160
393.0;976.0;7.7;160
394.0;977.9000244140625;7.68;161
395.0;979.2999877929688;7.64;161
396.0;980.7999877929688;7.59;161
397.0;982.4000244140625;7.51;161
398.0;983.7999877929688;7.44;161
399.0;985.4000244140625;7.37;161
400.0;986.4000244140625;7.3;161
401.0;987.9000244140625;7.22;161
402.0;989.7000122070312;7.14;161
403.0;991.5;7.07;161
404.0;993.9000244140625;7.0;160
405.0;995.5;6.93;160
406.0;996.9000244140625;6.86;160
407.0;998.9000244140625;6.78;160
408.0;1000.7000122070312;6.71;160
409.0;1002.7999877929688;6.63;161
410.0;1004.4000244140625;6.54;161
411.0;1005.7999877929688;6.46;161
412.0;1007.5999755859375;6.38;161
413.0;1009.2000122070312;6.3;161
414.0;1011.2000122070312;6.25;162
415.0;1013.5999755859375;6.22;162
416.0;1015.2000122070312;6.19;162
417.0;1016.9000244140625;6.16;163
418.0;1018.7000122070312;6.14;163
419.0;1020.4000244140625;6.1;163
420.0;1022.2000122070312;6.05;163
421.0;1023.9000244140625;6.0;163
422.0;1025.4000244140625;5.95;164
423.0;1026.5999755859375;5.9;164
424.0;1027.199951171875;5.85;165
425.0;1028.4000244140625;5.81;165
426.0;1029.5999755859375;5.75;165
427.0;1030.5;5.69;165
428.0;1031.5;5.6;165
429.0;1032.0999755859375;5.49;165
430.0;1032.800048828125;5.35;166
431.0;1033.300048828125;5.27;166
432.0;1034.4000244140625;5.27;166
433.0;1035.699951171875;5.53;166
434.0;1037.300048828125;8.1;165
435.0;1040.0999755859375;9.54;165
436.0;1042.699951171875;10.44;165
437.0;1045.5999755859375;10.92;165
438.0;1049.300048828125;11.58;166
439.0;1053.5;12.52;167
440.0;1058.0;12.5;168
441.0;1062.800048828125;12.52;168
442.0;1067.199951171875;12.59;167
443.0;1072.4000244140625;11.77;166
444.0;1077.4000244140625;11.34;164
445.0;1082.9000244140625;11.14;164
446.0;1088.9000244140625;11.02;164
447.0;1094.800048828125;10.91;164
448.0;1100.5999755859375;10.8;163
449.0;1105.699951171875;10.71;163
450.0;1110.4000244140625;10.62;163
451.0;1115.699951171875;10.53;163
452.0;1119.5;10.45;164
453.0;1123.199951171875;10.38;164
454.0;1126.0999755859375;10.31;164
455.0;1128.9000244140625;10.25;164
456.0;1131.0999755859375;10.2;164
457.0;1133.5999755859375;10.15;164
458.0;1136.9000244140625;10.1;164
459.0;1140.300048828125;10.06;165
460.0;1143.300048828125;10.02;165
461.0;1146.4000244140625;9.99;165
462.0;1149.199951171875;9.95;165
463.0;1152.300048828125;9.92;165
464.0;1154.800048828125;9.89;166
465.0;1159.0;9.86;166
466.0;1162.5999755859375;9.84;166
467.0;1165.800048828125;9.81;166
468.0;1169.0;9.78;166
469.0;1172.0;9.76;166
470.0;1174.5999755859375;9.73;166
471.0;1177.5999755859375;9.7;166
472.0;1180.800048828125;9.68;164
473.0;1183.699951171875;9.66;164
474.0;1185.199951171875;9.64;164
475.0;1187.300048828125;9.62;164
476.0;1190.0999755859375;9.6;164
477.0;1192.9000244140625;9.58;164
478.0;1195.5999755859375;9.57;165
479.0;1199.0;9.55;165
480.0;1202.199951171875;9.54;165
481.0;1205.0999755859375;9.54;165
482.0;1208.699951171875;9.55;165
483.0;1212.0999755859375;9.55;166
484.0;1215.0999755859375;9.56;166
485.0;1217.800048828125;9.56;166
486.0;1219.699951171875;9.56;166
487.0;1221.5999755859375;9.55;166
488.0;1224.4000244140625;9.53;166
489.0;1226.9000244140625;9.51;167
490.0;1229.199951171875;9.49;167
491.0;1231.300048828125;9.46;167
492.0;1233.5;9.44;167
493.0;1236.800048828125;9.42;167
494.0;1239.4000244140625;9.41;167
495.0;1243.0999755859375;9.4;166
496.0;1246.5;9.4;166
497.0;1248.699951171875;9.4;165
498.0;1251.5999755859375;9.41;165
499.0;1254.699951171875;9.42;164
500.0;1257.699951171875;9.43;163
501.0;1261.0;9.43;163
502.0;1263.5;9.45;163
503.0;1266.4000244140625;9.46;163
504.0;1269.4000244140625;9.47;162
505.0;1272.300048828125;9.47;162
506.0;1275.199951171875;9.47;162
507.0;1277.5999755859375;9.47;162
508.0;1279.9000244140625;9.47;161
509.0;1282.0999755859375;9.46;161
510.0;1284.5999755859375;9.44;161
511.0;1287.4000244140625;9.42;161
512.0;1290.4000244140625;9.4;160
513.0;1293.4000244140625;9.4;160
514.0;1296.4000244140625;9.37;160
515.0;1299.0999755859375;9.37;161
516.0;1303.199951171875;9.35;161
517.0;1306.5999755859375;9.35;161
518.0;1310.300048828125;9.35;161
519.0;1313.0999755859375;9.35;161
520.0;1316.0999755859375;9.36;160
521.0;1318.5;9.36;160
522.0;1320.699951171875;9.36;160
523.0;1322.5999755859375;9.36;160
524.0;1325.5999755859375;9.36;160
525.0;1327.5999755859375;9.35;159
526.0;1329.800048828125;9.35;159
527.0;1331.9000244140625;9.33;159
528.0;1334.199951171875;9.32;158
529.0;1336.199951171875;9.32;158
530.0;1339.0;9.32;159
531.0;1341.699951171875;9.32;159
532.0;1344.800048828125;9.32;159
533.0;1347.199951171875;9.32;159
534.0;1349.699951171875;9.33;159
535.0;1352.800048828125;9.34;159
536.0;1355.0999755859375;9.34;159
537.0;1357.9000244140625;9.34;159
538.0;1360.4000244140625;9.36;159
539.0;1363.199951171875;9.36;159
540.0;1365.800048828125;9.35;159
541.0;1368.0999755859375;9.35;159
542.0;1370.5;9.35;159
543.0;1372.800048828125;9.35;159
544.0;1375.4000244140625;9.35;159
545.0;1378.300048828125;9.35;159
546.0;1380.699951171875;9.36;159
547.0;1383.699951171875;9.38;159
548.0;1385.9000244140625;9.4;159
549.0;1388.4000244140625;9.43;158
550.0;1391.300048828125;9.46;158
551.0;1394.0;9.5;158
552.0;1396.5;9.54;157
553.0;1399.0;9.58;157
554.0;1402.0;9.62;157
555.0;1404.5999755859375;9.65;157
556.0;1407.4000244140625;9.68;157
557.0;1410.0;9.7;157
558.0;1412.5999755859375;9.71;157
559.0;1415.0;9.72;156
560.0;1417.5;9.72;156
561.0;1420.199951171875;9.69;156
562.0;1422.5999755859375;9.66;156
563.0;1425.0;9.64;155
564.0;1427.5999755859375;9.63;154
565.0;1430.0;9.61;154
566.0;1432.300048828125;9.61;154
567.0;1434.9000244140625;9.57;154
568.0;1437.5999755859375;9.54;153
569.0;1439.9000244140625;9.5;153
570.0;1442.300048828125;9.48;153
571.0;1444.800048828125;9.43;153
572.0;1447.0999755859375;9.39;153
573.0;1449.199951171875;9.34;154
574.0;1451.4000244140625;9.27;154
575.0;1453.300048828125;8.99;155
576.0;1455.0;8.76;155
577.0;1456.4000244140625;8.63;155
578.0;1458.300048828125;8.57;155
579.0;1460.5;8.19;156
580.0;1461.9000244140625;7.95;156
581.0;1463.300048828125;7.72;156
582.0;1464.9000244140625;7.51;156
583.0;1466.800048828125;7.48;157
584.0;1469.0;7.57;157
585.0;1471.4000244140625;7.73;157
586.0;1474.0;7.92;157
587.0;1476.699951171875;8.09;157
588.0;1478.9000244140625;8.17;158
589.0;1481.300048828125;8.22;158
590.0;1483.4000244140625;8.25;159
591.0;1486.199951171875;8.28;159
592.0;1488.699951171875;8.34;159
593.0;1491.199951171875;8.46;159
594.0;1493.699951171875;8.56;160
595.0;1496.300048828125;8.66;160
596.0;1498.800048828125;8.76;160
597.0;1502.0;8.84;160
598.0;1505.0;8.91;160
599.0;1508.5;8.99;161
600.0;1511.4000244140625;9.06;161
601.0;1514.5999755859375;9.11;161
602.0;1517.5;9.15;161
603.0;1520.199951171875;9.17;162
604.0;1522.5999755859375;9.17;162
605.0;1525.199951171875;9.16;162
606.0;1527.5;9.17;162
607.0;1529.9000244140625;9.19;162
608.0;1532.699951171875;9.21;162
609.0;1535.199951171875;9.26;162
610.0;1537.5999755859375;9.33;162
611.0;1540.5;9.41;162
612.0;1543.699951171875;9.5;162
613.0;1547.199951171875;9.6;162
614.0;1550.5;9.7;162
615.0;1553.800048828125;9.81;162
616.0;1557.199951171875;10.06;162
617.0;1560.199951171875;10.27;162
618.0;1564.199951171875;10.41;162
619.0;1567.4000244140625;10.65;161
620.0;1570.5999755859375;10.78;161
621.0;1574.0999755859375;10.87;161
622.0;1577.0;10.91;161
623.0;1580.300048828125;10.98;161
624.0;1583.699951171875;11.01;161
625.0;1586.9000244140625;11.04;161
626.0;1590.199951171875;11.01;161
627.0;1592.699951171875;10.97;162
628.0;1596.0;10.81;162
629.0;1598.800048828125;10.59;162
630.0;1600.699951171875;10.04;163
631.0;1603.0;9.58;163
632.0;1604.9000244140625;9.21;163
633.0;1607.0999755859375;9.09;163
634.0;1609.199951171875;9.13;163
635.0;1611.4000244140625;9.21;163
636.0;1613.9000244140625;9.29;163
637.0;1616.300048828125;9.35;163
638.0;1618.699951171875;9.42;163
639.0;1621.699951171875;9.49;163
640.0;1624.699951171875;9.56;163
641.0;1627.9000244140625;9.62;163
642.0;1630.800048828125;9.62;163
643.0;1633.4000244140625;9.62;164
644.0;1636.0999755859375;9.47;164
645.0;1638.5;9.19;164
646.0;1640.4000244140625;8.71;164
647.0;1642.0;5.43;164
648.0;1642.300048828125;5.14;164
649.0;1642.699951171875;5.04;163
650.0;1643.0999755859375;5.14;163
651.0;1644.199951171875;5.25;163
652.0;1645.4000244140625;5.4;163
653.0;1645.9000244140625;5.56;163
654.0;1646.800048828125;5.62;162
655.0;1648.4000244140625;5.68;163
656.0;1650.199951171875;5.83;163
657.0;1652.9000244140625;5.97;163
658.0;1655.300048828125;6.28;163
659.0;1657.699951171875;9.09;163
660.0;1660.5999755859375;9.33;163
661.0;1663.9000244140625;9.8;163
662.0;1667.4000244140625;10.13;163
663.0;1670.5999755859375;10.45;164
664.0;1673.5999755859375;10.4;164
665.0;1677.0999755859375;10.26;164
666.0;1680.5;10.17;164
667.0;1683.300048828125;10.1;164
668.0;1686.0999755859375;10.02;164
669.0;1688.699951171875;10.03;164
670.0;1690.800048828125;10.11;164
671.0;1693.699951171875;10.21;164
672.0;1696.800048828125;10.36;164
673.0;1700.199951171875;10.51;164
674.0;1703.5;10.55;164
675.0;1706.699951171875;10.46;164
676.0;1709.0999755859375;10.33;164
677.0;1711.199951171875;9.96;164
678.0;1713.5999755859375;8.85;164
679.0;1715.5999755859375;8.25;164
680.0;1716.699951171875;8.14;164
681.0;1718.300048828125;8.23;164
682.0;1720.199951171875;8.46;164
683.0;1722.0;8.88;164
684.0;1724.5999755859375;9.26;163
685.0;1727.4000244140625;9.67;163
686.0;1730.9000244140625;9.99;163
687.0;1734.4000244140625;10.3;163
688.0;1737.9000244140625;10.26;163
689.0;1741.300048828125;10.18;162
690.0;1744.0999755859375;10.09;162
691.0;1746.9000244140625;9.95;162
692.0;1749.9000244140625;9.74;162
693.0;1752.0;9.6;162
694.0;1754.0999755859375;9.49;161
695.0;1756.4000244140625;9.38;161
696.0;1758.300048828125;9.26;161
697.0;1760.4000244140625;9.21;161
698.0;1762.199951171875;9.16;160
699.0;1764.800048828125;9.13;159
700.0;1767.199951171875;9.13;159
701.0;1769.5999755859375;9.18;159
702.0;1772.4000244140625;9.24;159
703.0;1775.5;9.31;159
704.0;1778.4000244140625;9.39;158
705.0;1781.4000244140625;9.46;158
706.0;1784.699951171875;9.42;158
707.0;1787.5999755859375;9.46;158
708.0;1790.0999755859375;9.42;158
709.0;1792.9000244140625;9.45;158
710.0;1795.699951171875;9.48;158
711.0;1798.5999755859375;9.53;158
712.0;1800.9000244140625;9.55;158
713.0;1803.300048828125;9.57;158
714.0;1805.699951171875;9.54;158
715.0;1808.0999755859375;9.49;158
716.0;1811.0;9.42;158
717.0;1813.5;9.33;158
718.0;1815.699951171875;9.3;158
719.0;1818.300048828125;9.23;158
720.0;1820.5;9.23;158
721.0;1823.0;9.19;158
722.0;1825.5;9.08;158
723.0;1827.5999755859375;8.97;158
724.0;1829.699951171875;8.9;158
725.0;1831.800048828125;8.85;158
726.0;1834.5;8.82;158
727.0;1837.0;8.82;159
728.0;1839.0;8.83;159
729.0;1841.0999755859375;8.85;159
730.0;1843.800048828125;8.87;159
731.0;1846.5;8.92;159
732.0;1849.5999755859375;8.98;159
733.0;1852.5;9.02;159
734.0;1855.4000244140625;9.05;159
735.0;1857.9000244140625;9.04;159
736.0;1860.300048828125;9.02;159
737.0;1862.9000244140625;8.99;159
738.0;1865.199951171875;8.99;159
739.0;1867.5999755859375;9.02;160
740.0;1870.4000244140625;9.07;160
741.0;1872.800048828125;9.13;160
742.0;1875.5;9.17;160
743.0;1878.0;9.17;160
744.0;1880.5;9.16;161
745.0;1883.0999755859375;9.14;161
746.0;1885.800048828125;9.12;161
747.0;1888.699951171875;9.15;161
748.0;1891.199951171875;9.2;162
749.0;1893.800048828125;9.27;162
750.0;1896.5999755859375;9.36;162
751.0;1899.5999755859375;9.45;162
752.0;1902.9000244140625;9.51;162
753.0;1906.0;9.55;162
754.0;1909.0;9.56;163
755.0;1911.9000244140625;9.53;163
756.0;1914.699951171875;9.46;163
757.0;1916.9000244140625;9.4;163
758.0;1918.699951171875;9.32;164
759.0;1920.5999755859375;9.26;164
760.0;1922.5;9.22;165
761.0;1924.5;9.22;165
762.0;1926.9000244140625;9.17;165
763.0;1929.199951171875;9.14;165
764.0;1931.0;9.12;165
765.0;1933.199951171875;9.11;165
766.0;1936.0999755859375;9.14;165
767.0;1939.0999755859375;9.46;165
768.0;1942.300048828125;9.81;166
769.0;1945.9000244140625;10.11;166
770.0;1949.5;10.2;166
771.0;1952.9000244140625;10.31;166
772.0;1956.699951171875;10.44;166
773.0;1960.300048828125;10.55;166
774.0;1963.800048828125;10.62;167
775.0;1967.199951171875;10.65;167
776.0;1970.0999755859375;10.65;167
777.0;1972.4000244140625;10.61;167
778.0;1974.5999755859375;10.55;167
779.0;1976.9000244140625;10.49;167
780.0;1979.0999755859375;10.45;167
781.0;1981.699951171875;10.43;167
782.0;1984.9000244140625;10.44;167
783.0;1988.300048828125;10.47;167
784.0;1991.5;10.51;167
785.0;1994.9000244140625;10.57;168
786.0;1998.300048828125;10.63;168
787.0;2001.800048828125;10.66;168
788.0;2004.800048828125;10.66;168
789.0;2007.5999755859375;10.64;168
790.0;2010.0;10.59;168
791.0;2012.300048828125;10.15;168
792.0;2014.5;9.89;168
793.0;2016.300048828125;9.77;168
794.0;2018.4000244140625;9.7;168
795.0;2020.9000244140625;9.62;168
796.0;2023.4000244140625;9.57;168
797.0;2026.199951171875;9.51;168
798.0;2029.0999755859375;9.47;169
799.0;2031.9000244140625;9.43;168
800.0;2034.4000244140625;9.4;168
801.0;2037.300048828125;9.4;168
802.0;2040.5;9.38;168
803.0;2044.0999755859375;9.37;168
804.0;2047.0;9.37;168
805.0;2049.89990234375;9.37;168
806.0;2052.699951171875;9.37;168
807.0;2055.60009765625;9.35;168
808.0;2058.5;9.33;167
809.0;2061.5;9.32;167
810.0;2064.699951171875;9.32;166
811.0;2067.800048828125;9.29;166
812.0;2070.39990234375;9.26;166
813.0;2073.5;9.23;166
814.0;2077.300048828125;9.19;166
815.0;2081.10009765625;9.16;166
816.0;2084.800048828125;9.13;166
817.0;2087.89990234375;9.1;166
818.0;2090.800048828125;9.08;166
819.0;2093.39990234375;9.06;166
820.0;2096.699951171875;9.03;165
821.0;2099.39990234375;9.0;165
822.0;2101.89990234375;8.97;165
823.0;2103.89990234375;8.93;164
824.0;2106.39990234375;8.9;163
825.0;2108.60009765625;8.87;163
826.0;2111.5;8.83;162
827.0;2115.199951171875;8.8;162
828.0;2119.0;8.77;162
829.0;2121.60009765625;8.73;162
830.0;2124.5;8.68;162
831.0;2127.699951171875;8.62;162
832.0;2130.199951171875;8.55;162
833.0;2131.89990234375;8.48;162
834.0;2134.300048828125;8.41;162
835.0;2135.89990234375;8.34;162
836.0;2136.800048828125;8.28;162
837.0;2137.699951171875;8.22;162
838.0;2139.10009765625;7.75;162
839.0;2140.60009765625;7.52;162
840.0;2142.5;7.39;162
841.0;2144.60009765625;7.31;162
842.0;2147.0;7.27;162
843.0;2148.800048828125;7.25;162
844.0;2150.89990234375;7.26;162
845.0;2153.10009765625;7.26;162
846.0;2155.5;7.26;162
847.0;2157.5;7.28;162
848.0;2159.300048828125;7.28;162
849.0;2160.699951171875;7.3;162
850.0;2162.60009765625;7.3;162
851.0;2164.60009765625;7.32;162
852.0;2166.800048828125;7.38;162
853.0;2169.300048828125;7.46;162
854.0;2171.800048828125;7.59;162
855.0;2174.199951171875;7.72;162
856.0;2178.199951171875;7.84;162
857.0;2181.10009765625;7.93;162
858.0;2184.5;8.0;161
859.0;2187.800048828125;8.03;162
860.0;2191.10009765625;8.08;162
861.0;2194.39990234375;8.13;162
862.0;2196.89990234375;8.18;162
863.0;2198.699951171875;8.23;162
864.0;2201.39990234375;8.28;162
865.0;2203.0;8.32;162
866.0;2205.699951171875;8.36;161
867.0;2208.89990234375;8.41;161
868.0;2212.10009765625;8.47;161
869.0;2215.300048828125;8.54;161
870.0;2218.699951171875;8.62;161
871.0;2222.0;8.7;161
872.0;2226.300048828125;8.79;161
873.0;2230.300048828125;8.89;161
874.0;2234.10009765625;9.0;161
875.0;2238.199951171875;9.12;161
876.0;2242.199951171875;9.25;161
877.0;2245.89990234375;9.39;161
878.0;2249.60009765625;9.54;161
879.0;2253.300048828125;9.69;161
880.0;2257.10009765625;9.83;161
881.0;2260.699951171875;9.98;160
882.0;2264.0;10.12;160
883.0;2267.39990234375;10.25;160
884.0;2270.300048828125;10.38;160
885.0;2273.300048828125;10.5;159
886.0;2276.60009765625;10.61;159
887.0;2279.300048828125;10.71;159
888.0;2281.89990234375;10.79;159
889.0;2284.5;10.85;159
890.0;2287.10009765625;10.9;160
891.0;2289.800048828125;10.93;160
892.0;2292.300048828125;10.95;160
893.0;2294.699951171875;10.95;160
894.0;2296.89990234375;10.93;161
895.0;2298.89990234375;10.9;162
896.0;2301.39990234375;10.84;162
897.0;2303.699951171875;10.34;162
898.0;2305.800048828125;10.0;163
899.0;2308.300048828125;9.75;163
900.0;2310.39990234375;9.58;163
901.0;2312.0;9.45;163
902.0;2314.10009765625;9.34;163
903.0;2316.5;9.28;162
904.0;2319.300048828125;9.25;162
905.0;2321.60009765625;9.26;162
906.0;2324.60009765625;9.31;162
907.0;2327.699951171875;9.35;162
908.0;2330.800048828125;9.38;162
909.0;2333.5;9.4;162
910.0;2336.89990234375;9.41;162
911.0;2340.300048828125;9.43;162
912.0;2343.800048828125;9.43;162
913.0;2346.199951171875;9.41;162
914.0;2348.5;9.17;162
915.0;2350.39990234375;8.89;162
916.0;2351.89990234375;8.6;162
917.0;2353.300048828125;8.36;162
918.0;2354.5;7.78;162
919.0;2356.10009765625;7.57;163
920.0;2357.300048828125;7.57;163
921.0;2359.0;7.61;163
922.0;2361.0;7.58;163
923.0;2362.89990234375;7.55;164
924.0;2364.5;7.47;164
925.0;2366.39990234375;7.36;164
926.0;2368.60009765625;7.27;165
927.0;2370.89990234375;7.23;165
928.0;2372.60009765625;7.18;165
929.0;2374.300048828125;7.13;165
930.0;2375.60009765625;7.08;165
931.0;2377.10009765625;7.03;165
932.0;2379.0;6.92;165
933.0;2380.89990234375;6.76;165
934.0;2382.199951171875;6.59;165
935.0;2383.39990234375;6.41;166
936.0;2384.5;5.99;166
937.0;2385.60009765625;5.64;166
938.0;2386.89990234375;5.41;169
939.0;2387.800048828125;5.41;169
940.0;2388.39990234375;5.53;169
941.0;2389.5;5.7;168
942.0;2391.800048828125;5.96;168
943.0;2394.0;6.21;168
944.0;2396.0;6.4;167
945.0;2397.699951171875;6.52;167
946.0;2400.300048828125;6.59;168
947.0;2402.699951171875;6.59;168
948.0;2405.10009765625;6.59;168
949.0;2407.10009765625;6.53;168
950.0;2408.60009765625;6.48;169
951.0;2409.60009765625;6.41;169
952.0;2410.800048828125;6.35;169
953.0;2411.39990234375;6.24;169
954.0;2412.60009765625;6.14;169
955.0;2413.39990234375;6.0;170
956.0;2414.89990234375;5.74;170
957.0;2415.800048828125;5.21;170
958.0;2416.300048828125;4.81;170
959.0;2416.800048828125;4.66;171
960.0;2418.10009765625;4.75;171
961.0;2419.699951171875;4.99;171
962.0;2421.60009765625;5.38;171
963.0;2423.39990234375;5.85;171
964.0;2425.89990234375;6.24;171
965.0;2428.89990234375;6.58;171
966.0;2431.699951171875;7.05;171
967.0;2435.10009765625;7.67;171
968.0;2439.39990234375;8.17;171
969.0;2443.39990234375;8.31;170
970.0;2446.60009765625;8.67;170
971.0;2449.300048828125;8.62;170
972.0;2451.800048828125;8.31;170
973.0;2453.60009765625;7.88;170
974.0;2454.699951171875;6.91;170
975.0;2455.60009765625;6.37;170
976.0;2456.800048828125;5.96;170
977.0;2457.300048828125;5.99;170
978.0;2457.39990234375;6.03;170
979.0;2458.5;6.01;171
980.0;2459.60009765625;5.93;171
981.0;2460.89990234375;5.78;171
982.0;2462.300048828125;5.54;171
983.0;2463.0;5.41;170
984.0;2464.10009765625;5.38;170
985.0;2465.5;5.37;170
986.0;2466.60009765625;5.48;170
987.0;2468.39990234375;5.75;170
988.0;2470.300048828125;6.11;170
989.0;2473.10009765625;6.23;170
990.0;2477.60009765625;6.39;170
991.0;2481.0;6.58;170
992.0;2485.0;6.77;170
993.0;2489.199951171875;6.97;170
994.0;2492.199951171875;7.13;170
995.0;2495.199951171875;7.27;169
996.0;2498.300048828125;7.37;169
997.0;2501.0;7.48;169
998.0;2503.300048828125;7.88;169
999.0;2505.199951171875;8.0;168
1000.0;2508.199951171875;8.12;168
1001.0;2511.199951171875;8.25;168
1002.0;2514.39990234375;8.37;168
1003.0;2517.39990234375;8.48;168
1004.0;2520.300048828125;8.58;168
1005.0;2523.5;8.66;168
1006.0;2527.10009765625;11.7;168
1007.0;2531.0;11.66;168
1008.0;2533.89990234375;11.65;168
1009.0;2536.89990234375;11.63;168
1010.0;2540.39990234375;11.6;167
1011.0;2542.5;11.54;167
1012.0;2544.89990234375;11.44;167
1013.0;2547.10009765625;11.3;167
1014.0;2549.10009765625;11.15;167
1015.0;2551.199951171875;9.68;166
1016.0;2552.199951171875;8.99;166
1017.0;2553.89990234375;8.8;166
1018.0;2555.199951171875;8.85;165
1019.0;2557.699951171875;9.09;165
1020.0;2560.39990234375;9.38;164
1021.0;2563.39990234375;9.67;164
1022.0;2566.60009765625;9.72;164
1023.0;2569.10009765625;9.55;163
1024.0;2571.39990234375;9.5;163
1025.0;2574.10009765625;9.64;162
1026.0;2577.39990234375;9.95;162
1027.0;2581.0;10.77;162
1028.0;2584.199951171875;11.6;161
1029.0;2588.699951171875;12.11;161
1030.0;2591.89990234375;11.95;161
1031.0;2591.89990234375;11.59;160
1032.0;2592.39990234375;8.57;160
1033.0;2594.39990234375;8.7;160
1034.0;2597.300048828125;8.81;159
1035.0;2598.0;9.14;159
1036.0;2599.800048828125;9.35;159
1037.0;2601.39990234375;9.71;159
1038.0;2602.60009765625;9.69;159
1039.0;2604.699951171875;9.65;159
1040.0;2609.60009765625;9.89;159
1041.0;2613.89990234375;10.21;159
1042.0;2617.300048828125;10.43;159
1043.0;2620.800048828125;10.59;159
1044.0;2623.89990234375;10.7;159
1045.0;2626.199951171875;10.7;159
1046.0;2629.699951171875;10.7;159
1047.0;2632.89990234375;10.72;159
1048.0;2636.300048828125;10.72;158
1049.0;2639.5;10.68;158
1050.0;2642.300048828125;10.66;158
1051.0;2644.5;10.64;158
1052.0;2647.10009765625;10.64;158
1053.0;2650.10009765625;10.88;158
1054.0;2653.800048828125;11.11;157
1055.0;2657.10009765625;11.37;157
1056.0;2660.199951171875;11.56;156
1057.0;2663.199951171875;11.72;156
1058.0;2666.699951171875;11.75;156
1059.0;2670.300048828125;11.8;155
1060.0;2674.5;11.84;155
1061.0;2678.60009765625;11.89;155
1062.0;2681.89990234375;11.94;155
1063.0;2684.5;11.51;155
1064.0;2686.300048828125;8.72;155
1065.0;2688.39990234375;8.76;155
1066.0;2690.800048828125;8.75;155
1067.0;2692.89990234375;8.69;155
1068.0;2694.5;8.64;155
1069.0;2695.699951171875;8.73;155
1070.0;2697.199951171875;8.71;155
1071.0;2699.60009765625;8.72;155
1072.0;2702.199951171875;8.74;155
1073.0;2704.699951171875;8.77;156
1074.0;2707.39990234375;8.8;156
1075.0;2710.60009765625;8.82;156
1076.0;2713.10009765625;8.82;156
1077.0;2714.89990234375;8.79;156
1078.0;2716.5;8.75;156
1079.0;2718.10009765625;8.68;157
1080.0;2720.10009765625;8.61;157
1081.0;2721.89990234375;8.56;157
1082.0;2723.800048828125;8.53;157
1083.0;2725.60009765625;8.62;157
1084.0;2727.39990234375;8.52;157
1085.0;2730.300048828125;8.33;157
1086.0;2732.699951171875;7.98;157
1087.0;2735.0;7.67;157
1088.0;2737.199951171875;7.35;157
1089.0;2738.60009765625;7.14;156
1090.0;2740.699951171875;7.38;156
1091.0;2742.699951171875;7.73;156
1092.0;2744.60009765625;8.12;155
1093.0;2746.89990234375;8.3;155
1094.0;2749.10009765625;8.71;155
1095.0;2751.39990234375;9.65;155
1096.0;2755.199951171875;10.72;155
1097.0;2759.5;10.75;155
1098.0;2764.5;10.86;155
1099.0;2769.300048828125;11.03;155
1100.0;2775.300048828125;11.27;155
1101.0;2778.699951171875;11.45;155
1102.0;2781.5;11.5;155
1103.0;2783.800048828125;11.43;155
1104.0;2786.60009765625;11.25;155
1105.0;2787.699951171875;10.96;155
1106.0;2787.699951171875;10.77;155
1107.0;2787.699951171875;10.28;155
1108.0;2787.699951171875;10.12;155
1109.0;2788.60009765625;10.0;155
1110.0;2791.39990234375;9.92;155
1111.0;2793.10009765625;9.86;155
1112.0;2795.5;9.81;155
1113.0;2798.800048828125;9.75;155
1114.0;2802.10009765625;9.69;155
1115.0;2804.89990234375;9.64;155
1116.0;2807.39990234375;9.61;155
1117.0;2810.5;9.63;155
1118.0;2814.89990234375;9.73;155
1119.0;2818.60009765625;9.92;155
1120.0;2823.39990234375;10.2;156
1121.0;2829.60009765625;10.55;156
1122.0;2835.699951171875;10.94;156
1123.0;2841.89990234375;11.34;156
1124.0;2847.89990234375;11.7;156
1125.0;2853.300048828125;11.96;156
1126.0;2857.199951171875;12.14;157
1127.0;2859.800048828125;12.23;157
1128.0;2862.699951171875;12.24;157
1129.0;2865.800048828125;12.2;157
1130.0;2867.89990234375;12.14;157
1131.0;2869.300048828125;12.07;158
1132.0;2870.39990234375;11.96;158
1133.0;2872.10009765625;11.82;158
1134.0;2873.699951171875;11.66;158
1135.0;2876.0;11.46;158
1136.0;2876.89990234375;11.22;158
1137.0;2877.39990234375;10.94;158
1138.0;2877.39990234375;10.63;158
1139.0;2877.39990234375;10.31;159
1140.0;2877.39990234375;9.98;159
1141.0;2877.39990234375;9.66;159
1142.0;2877.39990234375;9.39;159
1143.0;2877.39990234375;9.17;160
1144.0;2878.199951171875;8.95;160
1145.0;2880.0;8.76;160
1146.0;2880.800048828125;8.57;160
1147.0;2881.699951171875;8.36;160
1148.0;2882.10009765625;8.13;160
1149.0;2883.199951171875;7.92;160
1150.0;2883.199951171875;7.71;160
1151.0;2883.800048828125;7.54;159
1152.0;2886.10009765625;7.45;159
1153.0;2888.199951171875;8.5;159
1154.0;2892.60009765625;8.62;159
1155.0;2898.89990234375;8.88;159
1156.0;2905.89990234375;9.27;159
1157.0;2912.5;9.7;159
1158.0;2918.800048828125;10.13;159
1159.0;2924.199951171875;10.44;160
1160.0;2928.39990234375;10.65;160
1161.0;2932.199951171875;10.76;160
1162.0;2936.699951171875;10.85;160
1163.0;2941.300048828125;10.98;160
1164.0;2944.5;11.17;160
1165.0;2948.0;11.42;160
1166.0;2951.699951171875;11.7;160
1167.0;2955.800048828125;11.94;161
1168.0;2960.300048828125;12.14;161
1169.0;2965.300048828125;12.29;161
1170.0;2970.300048828125;12.4;161
1171.0;2974.300048828125;12.5;162
1172.0;2977.60009765625;12.23;162
1173.0;2980.60009765625;12.04;162
1174.0;2983.300048828125;11.93;162
1175.0;2986.60009765625;11.84;162
1176.0;2989.60009765625;11.75;163
1177.0;2992.60009765625;11.66;163
1178.0;2995.300048828125;11.58;163
1179.0;2997.10009765625;11.47;163
1180.0;2998.5;11.34;163
1181.0;2999.0;11.2;163
1182.0;3000.10009765625;11.06;163
1183.0;3001.60009765625;10.9;164
1184.0;3002.89990234375;10.75;164
1185.0;3004.39990234375;10.62;164
1186.0;3006.10009765625;10.48;164
1187.0;3007.699951171875;10.35;164
1188.0;3010.0;9.35;164
1189.0;3012.5;9.15;164
1190.0;3015.800048828125;9.36;163
1191.0;3018.89990234375;9.89;163
1192.0;3023.10009765625;10.48;162
1193.0;3027.699951171875;11.08;161
1194.0;3032.39990234375;11.41;161
1195.0;3037.10009765625;11.48;161
1196.0;3040.300048828125;11.44;161
1197.0;3042.39990234375;11.32;160
1198.0;3044.39990234375;11.14;160
1199.0;3046.10009765625;10.93;160
1200.0;3047.199951171875;10.74;159
1201.0;3047.199951171875;10.57;159
1202.0;3047.199951171875;10.42;159
1203.0;3047.199951171875;10.27;158
1204.0;3047.199951171875;10.1;158
1205.0;3047.199951171875;9.95;157
1206.0;3047.199951171875;9.79;157
1207.0;3047.199951171875;9.62;157
1208.0;3047.199951171875;9.43;156
1209.0;3047.199951171875;9.25;156
1210.0;3049.0;9.09;155
1211.0;3049.0;8.96;155
1212.0;3051.300048828125;8.84;155
1213.0;3055.60009765625;8.72;154
1214.0;3059.39990234375;8.61;154
1215.0;3062.699951171875;8.5;154
1216.0;3064.39990234375;8.4;154
1217.0;3067.0;8.28;153
1218.0;3069.0;8.16;153
1219.0;3070.10009765625;8.02;152
1220.0;3071.60009765625;7.88;152
1221.0;3073.39990234375;7.78;152
1222.0;3074.800048828125;7.73;151
1223.0;3076.800048828125;7.68;151
1224.0;3078.699951171875;7.63;151
1225.0;3079.60009765625;7.56;150
1226.0;3080.199951171875;7.46;150
1227.0;3081.60009765625;7.33;150
1228.0;3084.0;7.22;150
1229.0;3086.199951171875;7.22;149
1230.0;3088.89990234375;7.29;149
1231.0;3092.0;7.43;149
1232.0;3094.39990234375;7.61;149
1233.0;3097.89990234375;7.82;149
1234.0;3102.60009765625;7.99;149
1235.0;3108.39990234375;8.13;149
1236.0;3113.60009765625;8.21;148
1237.0;3117.199951171875;8.25;148
1238.0;3120.699951171875;8.26;148
1239.0;3123.300048828125;8.22;147
1240.0;3126.0;8.19;147
1241.0;3129.300048828125;8.19;146
1242.0;3133.10009765625;8.22;145
1243.0;3136.699951171875;8.26;145
1244.0;3139.10009765625;8.32;144
1245.0;3141.199951171875;8.33;144
1246.0;3143.89990234375;8.39;144
1247.0;3147.39990234375;8.5;144
1248.0;3151.199951171875;8.54;144
1249.0;3153.39990234375;8.15;144
1250.0;3154.800048828125;5.01;144
1251.0;3154.800048828125;4.72;144
1252.0;3155.39990234375;4.44;144
1253.0;3156.60009765625;4.99;144
1254.0;3158.0;6.45;144
1255.0;3159.89990234375;6.89;145
1256.0;3161.699951171875;10.05;145
1257.0;3163.89990234375;9.66;145
1258.0;3166.199951171875;10.05;145
1259.0;3169.10009765625;9.72;145
1260.0;3172.300048828125;8.96;145
1261.0;3175.10009765625;9.21;145
1262.0;3178.199951171875;9.63;145
1263.0;3182.199951171875;10.36;145
1264.0;3186.89990234375;15.27;145
1265.0;3191.89990234375;15.27;145
1266.0;3195.699951171875;15.12;145
1267.0;3199.699951171875;14.69;145
1268.0;3203.699951171875;11.83;145
1269.0;3207.10009765625;11.27;145
1270.0;3210.699951171875;10.81;145
1271.0;3213.800048828125;10.42;145
1272.0;3216.0;10.04;146
1273.0;3217.5;9.56;146
1274.0;3219.0;9.16;146
1275.0;3220.300048828125;9.07;147
1276.0;3221.89990234375;9.25;147
1277.0;3224.800048828125;9.53;147
1278.0;3227.800048828125;10.06;147
1279.0;3231.800048828125;10.66;147
1280.0;3236.10009765625;11.05;147
1281.0;3240.10009765625;11.21;147
1282.0;3243.10009765625;11.14;147
1283.0;3246.199951171875;10.87;147
1284.0;3249.60009765625;10.51;147
1285.0;3252.300048828125;10.07;147
1286.0;3253.800048828125;7.2;147
1287.0;3254.5;6.74;147
1288.0;3255.0;6.51;147
1289.0;3255.300048828125;6.57;147
1290.0;3256.10009765625;6.71;147
1291.0;3258.10009765625;7.11;147
1292.0;3260.39990234375;8.16;148
1293.0;3263.5;9.01;148
1294.0;3266.199951171875;9.57;148
1295.0;3269.199951171875;9.93;148
1296.0;3272.39990234375;10.0;149
1297.0;3275.89990234375;10.01;149
1298.0;3279.39990234375;10.04;149
1299.0;3283.0;10.08;149
1300.0;3286.89990234375;10.17;149
1301.0;3290.89990234375;10.32;149
1302.0;3295.10009765625;10.51;149
1303.0;3300.10009765625;10.74;149
1304.0;3304.699951171875;10.99;149
1305.0;3308.5;11.22;149
1306.0;3313.0;11.41;149
1307.0;3317.199951171875;11.57;149
1308.0;3321.60009765625;11.7;149
1309.0;3324.699951171875;11.79;149
1310.0;3327.89990234375;11.85;150
1311.0;3330.89990234375;11.87;150
1312.0;3333.199951171875;11.87;150
1313.0;3335.89990234375;11.83;150
1314.0;3339.0;11.78;151
1315.0;3341.39990234375;11.72;151
1316.0;3344.39990234375;11.66;151
1317.0;3347.5;11.59;152
1318.0;3350.5;11.53;152
1319.0;3352.39990234375;11.05;152
1320.0;3354.300048828125;8.02;152
1321.0;3356.0;8.04;152
1322.0;3358.0;8.03;152
1323.0;3359.39990234375;7.99;152
1324.0;3361.39990234375;7.97;152
1325.0;3363.39990234375;7.98;152
1326.0;3365.800048828125;8.04;152
1327.0;3368.60009765625;8.74;152
1328.0;3372.199951171875;9.19;152
1329.0;3375.89990234375;9.29;153
1330.0;3379.199951171875;8.97;153
1331.0;3381.699951171875;6.19;153
1332.0;3383.5;4.22;153
1333.0;3383.5;3.84;153
1334.0;3383.60009765625;2.19;154
1335.0;3383.60009765625;1.81;154
1336.0;3383.60009765625;1.68;154
1337.0;3383.60009765625;2.64;154
1338.0;3383.60009765625;3.89;155
1339.0;3383.60009765625;4.41;155
1340.0;3383.699951171875;5.59;155
1341.0;3385.800048828125;6.64;156
1342.0;3388.10009765625;7.08;156
1343.0;3390.699951171875;7.6;156
1344.0;3393.10009765625;8.16;156
1345.0;3397.0;11.72;157
1346.0;3401.60009765625;12.5;157
1347.0;3406.10009765625;12.62;157
1348.0;3409.10009765625;12.68;157
1349.0;3412.60009765625;13.02;157
1350.0;3416.39990234375;13.53;157
1351.0;3421.39990234375;14.37;158
1352.0;3426.89990234375;14.36;159
1353.0;3432.60009765625;14.4;159
1354.0;3437.39990234375;14.49;158
1355.0;3442.5;14.63;158
1356.0;3448.0;14.79;159
1357.0;3453.39990234375;14.96;159
1358.0;3459.300048828125;15.11;159
1359.0;3464.10009765625;15.2;160
1360.0;3467.300048828125;14.53;160
1361.0;3469.699951171875;10.27;160
1362.0;3471.5;10.31;161
1363.0;3473.699951171875;10.28;161
1364.0;3475.10009765625;10.19;162
1365.0;3476.300048828125;10.1;162
1366.0;3477.60009765625;10.01;162
1367.0;3478.0;9.92;162
1368.0;3479.39990234375;9.83;162
1369.0;3481.800048828125;9.75;162
1370.0;3484.0;9.68;162
1371.0;3486.199951171875;9.6;162
1372.0;3487.89990234375;9.49;162
1373.0;3489.5;9.37;163
1374.0;3490.699951171875;9.22;163
1375.0;3492.199951171875;9.05;163
1376.0;3494.0;8.87;163
1377.0;3495.800048828125;8.93;163
1378.0;3497.800048828125;10.0;164
1379.0;3500.199951171875;9.9;164
1380.0;3502.39990234375;9.87;164
1381.0;3505.89990234375;9.88;164
1382.0;3509.60009765625;9.93;163
1383.0;3513.39990234375;10.01;162
1384.0;3517.699951171875;10.12;162
1385.0;3522.300048828125;10.25;162
1386.0;3527.0;10.41;162
1387.0;3531.300048828125;10.58;162
1388.0;3535.699951171875;10.77;163
1389.0;3539.800048828125;10.95;163
1390.0;3543.699951171875;11.11;163
1391.0;3547.800048828125;11.25;163
1392.0;3552.0;11.37;163
1393.0;3556.0;11.48;162
1394.0;3559.5;11.57;162
1395.0;3563.199951171875;11.65;162
1396.0;3566.300048828125;11.72;162
1397.0;3569.60009765625;11.77;162
1398.0;3572.60009765625;11.75;162
1399.0;3574.800048828125;11.68;162
1400.0;3576.5;11.56;162
1401.0;3578.800048828125;11.41;162
1402.0;3580.800048828125;11.26;162
1403.0;3582.60009765625;11.14;162
1404.0;3584.10009765625;11.03;163
1405.0;3586.199951171875;10.93;163
1406.0;3588.300048828125;10.85;163
1407.0;3591.199951171875;10.77;163
1408.0;3594.10009765625;10.68;163
1409.0;3597.10009765625;10.61;162
1410.0;3599.5;10.54;162
1411.0;3601.300048828125;10.46;162
1412.0;3603.300048828125;10.34;162
1413.0;3604.699951171875;10.2;161
1414.0;3606.10009765625;10.05;161
1415.0;3608.0;9.87;161
1416.0;3609.800048828125;9.45;161
1417.0;3611.0;9.38;161
1418.0;3612.60009765625;8.92;161
1419.0;3614.5;8.62;162
1420.0;3616.60009765625;8.47;162
1421.0;3618.699951171875;8.35;162
1422.0;3621.800048828125;8.27;162
1423.0;3624.89990234375;8.22;163
1424.0;3626.60009765625;8.17;163
1425.0;3629.0;8.12;163
1426.0;3631.5;8.05;163
1427.0;3634.0;7.98;163
1428.0;3635.800048828125;7.91;163
1429.0;3637.199951171875;7.83;163
1430.0;3639.0;7.75;164
1431.0;3640.10009765625;7.67;164
1432.0;3641.800048828125;7.58;164
1433.0;3643.199951171875;6.83;164
1434.0;3644.199951171875;6.32;164
1435.0;3645.699951171875;6.02;164
1436.0;3648.199951171875;5.88;164
1437.0;3650.800048828125;5.8;164
1438.0;3653.5;5.77;164
1439.0;3655.800048828125;5.77;164
1440.0;3658.39990234375;5.78;164
1441.0;3661.89990234375;5.78;165
1442.0;3667.199951171875;5.78;165
1443.0;3672.800048828125;5.77;165
1444.0;3677.10009765625;5.77;165
1445.0;3680.300048828125;5.75;166
1446.0;3683.5;5.74;166
1447.0;3686.39990234375;5.74;166
1448.0;3689.0;5.72;165
1449.0;3690.60009765625;5.72;165
1450.0;3691.199951171875;5.72;166
1451.0;3691.199951171875;5.69;166
1452.0;3691.199951171875;5.69;166
1453.0;3691.5;5.66;166
1454.0;3693.300048828125;5.63;166
1455.0;3695.300048828125;5.6;167
1456.0;3697.39990234375;5.57;167
1457.0;3699.89990234375;5.55;167
1458.0;3702.699951171875;5.55;167
1459.0;3705.199951171875;5.53;168
1460.0;3708.39990234375;5.51;168
1461.0;3711.0;5.5;168
1462.0;3713.39990234375;5.5;168
1463.0;3715.800048828125;5.5;168
1464.0;3717.800048828125;5.5;169
1465.0;3720.5;5.51;169
1466.0;3723.10009765625;5.51;170
1467.0;3725.10009765625;5.51;170
1468.0;3726.89990234375;5.49;170
1469.0;3727.800048828125;5.46;170
1470.0;3729.5;5.45;171
1471.0;3731.300048828125;5.43;171
1472.0;3732.5;5.43;171
1473.0;3733.800048828125;5.43;171
1474.0;3734.89990234375;5.43;171
1475.0;3736.10009765625;5.44;172
1476.0;3738.10009765625;5.44;172
1477.0;3739.300048828125;5.44;172
1478.0;3740.5;5.42;172
1479.0;3741.199951171875;5.39;172
1480.0;3741.800048828125;5.36;172
1481.0;3742.699951171875;5.34;173
1482.0;3743.800048828125;5.33;173
1483.0;3745.10009765625;5.35;173
1484.0;3746.5;5.39;173
1485.0;3746.5;5.39;173
1486.0;3746.5;5.34;173
1487.0;3746.5;0.0;173
1488.0;3746.5;1.12;174
1489.0;3748.10009765625;2.02;174
1490.0;3749.300048828125;2.84;174
1491.0;3751.300048828125;4.91;174
1492.0;3754.39990234375;6.47;174
1493.0;3757.60009765625;8.29;174
1494.0;3764.5;9.21;175
1495.0;3769.39990234375;9.6;175
1496.0;3775.199951171875;9.86;175
1497.0;3780.300048828125;10.05;175
1498.0;3784.10009765625;10.15;176
1499.0;3789.0;10.13;176
1500.0;3793.199951171875;10.13;176
1501.0;3797.60009765625;9.97;176
1502.0;3800.5;9.33;176
1503.0;3802.300048828125;9.18;176
1504.0;3803.300048828125;8.96;176
1505.0;3804.39990234375;8.8;176
1506.0;3805.89990234375;8.75;176
1507.0;3807.89990234375;8.73;176
1508.0;3809.5;8.73;176
1509.0;3811.10009765625;8.73;176
1510.0;3812.199951171875;8.71;176
1511.0;3814.39990234375;8.71;176
1512.0;3817.800048828125;8.86;176
1513.0;3822.0;9.64;176
1514.0;3827.0;10.19;176
1515.0;3830.699951171875;9.98;176
1516.0;3832.60009765625;9.71;175
1517.0;3835.39990234375;9.51;175
1518.0;3837.60009765625;9.27;175
1519.0;3839.0;8.98;175
1520.0;3840.199951171875;8.76;174
1521.0;3841.300048828125;8.63;174
1522.0;3842.60009765625;8.57;174
1523.0;3842.60009765625;8.49;174
1524.0;3842.800048828125;8.4;174
1525.0;3843.89990234375;8.28;174
1526.0;3845.800048828125;8.12;174
1527.0;3848.5;7.95;174
1528.0;3851.699951171875;7.83;173
1529.0;3855.0;7.77;173
1530.0;3857.89990234375;7.74;173
1531.0;3860.10009765625;7.7;174
1532.0;3862.800048828125;7.67;174
1533.0;3866.300048828125;7.64;174
1534.0;3870.199951171875;7.64;174
1535.0;3873.10009765625;7.62;173
1536.0;3875.60009765625;7.63;173
1537.0;3877.5;7.6;173
1538.0;3879.89990234375;7.52;173
1539.0;3882.300048828125;7.39;173
1540.0;3885.39990234375;7.21;172
1541.0;3888.5;7.0;172
1542.0;3891.60009765625;6.82;172
1543.0;3895.10009765625;6.68;172
1544.0;3898.300048828125;6.55;171
1545.0;3900.800048828125;6.43;170
1546.0;3903.199951171875;6.4;170
1547.0;3906.60009765625;6.44;170
1548.0;3909.10009765625;6.56;170
1549.0;3910.60009765625;6.73;169
1550.0;3912.199951171875;6.91;170
1551.0;3914.300048828125;7.01;170
1552.0;3915.60009765625;7.04;170
1553.0;3917.10009765625;6.99;170
1554.0;3918.699951171875;6.94;170
1555.0;3920.60009765625;6.94;170
1556.0;3921.199951171875;6.96;170
1557.0;3922.699951171875;7.01;170
1558.0;3924.39990234375;7.06;170
1559.0;3926.60009765625;7.08;170
1560.0;3928.5;7.08;170
1561.0;3930.800048828125;7.1;170
1562.0;3933.60009765625;7.18;170
1563.0;3937.60009765625;7.3;169
1564.0;3942.5;7.45;169
1565.0;3947.60009765625;7.62;169
1566.0;3952.199951171875;7.77;168
1567.0;3956.89990234375;7.88;168
1568.0;3961.300048828125;7.98;168
1569.0;3965.60009765625;8.08;168
1570.0;3969.89990234375;8.19;169
1571.0;3973.60009765625;8.32;168
1572.0;3976.199951171875;8.45;168
1573.0;3979.300048828125;8.58;168
1574.0;3982.199951171875;8.7;167
1575.0;3985.10009765625;8.81;166
1576.0;3988.10009765625;8.92;166
1577.0;3991.39990234375;9.01;166
1578.0;3994.5;9.1;166
1579.0;3997.5;9.19;166
1580.0;4000.39990234375;9.27;166
1581.0;4003.60009765625;9.34;166
1582.0;4006.39990234375;9.41;166
1583.0;4009.10009765625;9.47;166
1584.0;4011.10009765625;9.51;166
1585.0;4013.89990234375;9.53;166
1586.0;4017.60009765625;9.58;165
1587.0;4020.89990234375;9.33;165
1588.0;4024.60009765625;9.02;165
1589.0;4028.300048828125;8.79;164
1590.0;4030.800048828125;8.64;163
1591.0;4033.0;8.51;163
1592.0;4036.0;8.47;163
1593.0;4039.5;8.42;163
1594.0;4042.10009765625;8.37;163
1595.0;4042.800048828125;7.91;163
1596.0;4044.300048828125;7.7;163
1597.0;4046.0;7.56;163
1598.0;4047.5;7.46;163
1599.0;4049.10009765625;7.39;163
1600.0;4051.199951171875;7.35;163
1601.0;4053.699951171875;7.32;163
1602.0;4056.5;7.31;163
1603.0;4058.699951171875;7.31;163
1604.0;4060.699951171875;7.29;162
1605.0;4063.10009765625;7.29;162
1606.0;4065.60009765625;7.29;162
1607.0;4068.10009765625;7.35;162
1608.0;4071.0;7.43;163
1609.0;4074.300048828125;7.55;163
1610.0;4077.199951171875;7.67;162
1611.0;4079.800048828125;7.81;162
1612.0;4082.60009765625;7.97;162
1613.0;4085.5;8.18;162
1614.0;4089.199951171875;8.44;162
1615.0;4093.10009765625;8.71;161
1616.0;4096.89990234375;8.96;161
1617.0;4100.10009765625;9.2;161
1618.0;4103.10009765625;9.36;161
1619.0;4106.0;9.45;161
1620.0;4109.2001953125;9.55;161
1621.0;4112.2998046875;9.66;161
1622.0;4115.39990234375;9.75;161
1623.0;4116.7998046875;9.84;161
1624.0;4118.2998046875;9.85;161
1625.0;4120.60009765625;9.91;160
1626.0;4123.5;10.51;160
1627.0;4127.0;14.37;160
1628.0;4131.7001953125;14.93;160
1629.0;4135.7998046875;14.8;160
1630.0;4139.89990234375;14.25;159
1631.0;4143.39990234375;13.75;159
1632.0;4147.10009765625;12.75;159
1633.0;4150.2001953125;12.12;159
1634.0;4152.89990234375;11.68;159
1635.0;4155.2001953125;11.57;158
1636.0;4157.10009765625;11.46;158
1637.0;4157.60009765625;11.35;158
1638.0;4157.89990234375;11.24;158
1639.0;4159.60009765625;11.12;158
1640.0;4162.7001953125;11.02;158
1641.0;4165.2998046875;10.93;157
1642.0;4168.2001953125;10.86;157
1643.0;4171.0;10.83;157
1644.0;4174.7998046875;10.83;157
1645.0;4179.0;10.88;157
1646.0;4183.0;10.94;157
1647.0;4186.10009765625;10.99;157
1648.0;4189.5;11.01;157
1649.0;4193.10009765625;11.01;156
1650.0;4196.2001953125;10.97;156
1651.0;4199.0;10.92;156
1652.0;4201.0;10.87;156
1653.0;4202.60009765625;10.84;156
1654.0;4204.89990234375;10.82;156
1655.0;4208.2998046875;10.82;155
1656.0;4211.5;10.82;155
1657.0;4213.7001953125;10.84;155
1658.0;4217.2998046875;10.88;155
1659.0;4220.89990234375;10.97;155
1660.0;4224.10009765625;10.94;155
1661.0;4227.5;11.03;155
1662.0;4230.7001953125;11.32;155
1663.0;4234.60009765625;11.62;154
1664.0;4238.0;10.91;154
1665.0;4241.2998046875;10.52;154
1666.0;4245.60009765625;10.35;153
1667.0;4249.2001953125;10.18;153
1668.0;4252.39990234375;10.02;153
1669.0;4256.10009765625;9.89;153
1670.0;4260.10009765625;9.78;153
1671.0;4263.89990234375;9.68;152
1672.0;4268.0;9.61;152
1673.0;4272.5;9.57;152
1674.0;4277.7998046875;9.54;152
1675.0;4283.10009765625;9.54;152
1676.0;4287.10009765625;9.55;152
1677.0;4291.10009765625;9.56;152
1678.0;4294.2998046875;9.58;152
1679.0;4297.2998046875;9.6;152
1680.0;4299.89990234375;9.6;151
1681.0;4301.2001953125;9.63;151
1682.0;4302.0;9.65;151
1683.0;4302.7998046875;9.66;151
1684.0;4302.7998046875;9.67;151
1685.0;4304.0;9.67;151
1686.0;4304.89990234375;9.67;151
1687.0;4306.89990234375;9.66;151
1688.0;4308.60009765625;9.66;151
1689.0;4310.89990234375;9.65;151
1690.0;4313.39990234375;9.65;151
1691.0;4316.2001953125;9.5;152
1692.0;4318.7998046875;9.28;152
1693.0;4322.0;9.05;152
1694.0;4325.0;8.79;152
1695.0;4327.89990234375;8.52;152
1696.0;4330.2998046875;8.27;152
1697.0;4332.5;8.07;152
1698.0;4334.39990234375;7.9;152
1699.0;4335.7998046875;7.82;152
1700.0;4337.7998046875;7.48;152
1701.0;4339.39990234375;6.99;153
1702.0;4340.89990234375;6.54;153
1703.0;4342.7001953125;6.4;153
1704.0;4346.10009765625;6.4;153
1705.0;4350.7001953125;6.57;153
1706.0;4355.0;6.64;153
1707.0;4358.89990234375;6.71;153
1708.0;4362.2998046875;6.7;153
1709.0;4366.2001953125;6.7;153
1710.0;4370.7998046875;6.7;153
1711.0;4375.7998046875;6.79;153
1712.0;4380.10009765625;6.93;153
1713.0;4384.2001953125;7.13;153
1714.0;4387.5;7.32;153
1715.0;4391.2998046875;7.5;153
1716.0;4395.2001953125;7.64;153
1717.0;4400.60009765625;7.74;153
1718.0;4405.2998046875;7.8;153
1719.0;4409.5;7.86;153
1720.0;4413.89990234375;7.92;152
1721.0;4418.10009765625;7.98;152
1722.0;4420.7998046875;8.05;152
1723.0;4423.7001953125;8.12;152
1724.0;4426.5;8.19;152
1725.0;4429.5;8.25;152
1726.0;4432.10009765625;8.31;152
1727.0;4434.5;8.38;152
1728.0;4437.10009765625;8.45;152
1729.0;4439.39990234375;8.53;152
1730.0;4442.0;8.61;152
1731.0;4444.7998046875;8.69;152
1732.0;4447.89990234375;8.77;152
1733.0;4451.10009765625;8.84;153
1734.0;4454.0;8.91;153
1735.0;4456.89990234375;8.96;153
1736.0;4459.7001953125;9.01;153
1737.0;4462.0;9.05;153
1738.0;4464.5;9.08;154
1739.0;4466.7998046875;9.11;154
1740.0;4469.2001953125;9.13;154
1741.0;4471.7001953125;9.26;154
1742.0;4474.10009765625;9.33;154
1743.0;4476.89990234375;9.38;154
1744.0;4479.39990234375;9.4;154
1745.0;4481.7998046875;9.41;154
1746.0;4484.5;9.42;153
1747.0;4487.2001953125;9.43;153
1748.0;4490.0;9.43;153
1749.0;4492.7998046875;9.43;153
1750.0;4495.60009765625;9.43;153
1751.0;4498.39990234375;9.42;153
1752.0;4500.5;9.42;153
1753.0;4502.7001953125;9.41;153
1754.0;4504.7001953125;9.41;152
1755.0;4506.89990234375;9.4;153
1756.0;4508.89990234375;9.4;153
1757.0;4511.10009765625;9.38;153
1758.0;4512.89990234375;9.36;153
1759.0;4514.89990234375;9.35;153
1760.0;4517.2998046875;9.33;153
1761.0;4520.39990234375;9.32;153
1762.0;4523.5;9.32;153
1763.0;4526.5;9.32;154
1764.0;4529.5;9.32;154
1765.0;4532.5;9.34;154
1766.0;4535.60009765625;9.34;154
1767.0;4538.60009765625;9.36;154
1768.0;4541.7001953125;9.38;154
1769.0;4544.39990234375;9.39;155
1770.0;4547.2998046875;9.39;155
1771.0;4549.89990234375;9.41;155
1772.0;4552.39990234375;9.42;155
1773.0;4554.60009765625;9.42;155
1774.0;4556.7001953125;9.42;155
1775.0;4558.89990234375;9.42;156
1776.0;4561.2001953125;9.4;156
1777.0;4563.39990234375;9.38;156
1778.0;4565.5;9.34;156
1779.0;4567.60009765625;9.26;156
1780.0;4569.60009765625;9.17;155
1781.0;4571.2998046875;9.08;155
1782.0;4573.7001953125;9.01;155
1783.0;4575.7998046875;8.98;155
1784.0;4578.2001953125;8.98;154
1785.0;4580.39990234375;9.01;154
1786.0;4582.7001953125;9.07;154
1787.0;4585.7001953125;9.16;154
1788.0;4588.7998046875;9.24;153
1789.0;4592.2998046875;9.3;153
1790.0;4595.60009765625;9.26;153
1791.0;4598.10009765625;9.31;153
1792.0;4601.2001953125;9.25;153
1793.0;4603.89990234375;9.16;153
1794.0;4606.39990234375;9.08;153
1795.0;4608.60009765625;9.06;153
1796.0;4610.60009765625;9.03;153
1797.0;4613.0;9.01;153
1798.0;4615.0;8.96;153
1799.0;4617.2001953125;8.88;153
1800.0;4619.7998046875;8.82;153
1801.0;4621.7998046875;8.71;153
1802.0;4624.10009765625;8.36;153
1803.0;4625.89990234375;8.0;153
1804.0;4627.7001953125;7.81;153
1805.0;4629.2998046875;7.77;153
1806.0;4631.2998046875;7.86;153
1807.0;4633.7998046875;8.03;153
1808.0;4636.2998046875;8.24;153
1809.0;4638.89990234375;8.38;153
1810.0;4641.2998046875;8.45;153
1811.0;4643.7001953125;8.48;153
1812.0;4646.5;8.5;153
1813.0;4649.2998046875;8.53;152
1814.0;4652.2998046875;8.65;152
1815.0;4654.7001953125;8.8;152
1816.0;4657.7001953125;8.93;152
1817.0;4660.7001953125;9.04;152
1818.0;4663.5;9.13;152
1819.0;4666.2998046875;9.17;152
1820.0;4669.0;9.19;152
1821.0;4671.7998046875;9.22;153
1822.0;4674.7998046875;9.28;153
1823.0;4677.60009765625;9.36;153
1824.0;4680.2998046875;9.47;153
1825.0;4682.89990234375;9.59;153
1826.0;4686.2001953125;9.73;153
1827.0;4689.89990234375;9.88;153
1828.0;4693.60009765625;10.04;153
1829.0;4697.5;10.37;153
1830.0;4701.7001953125;10.49;153
1831.0;4705.39990234375;10.66;153
1832.0;4708.7001953125;10.62;153
1833.0;4711.2998046875;10.48;153
1834.0;4713.7998046875;10.3;153
1835.0;4716.39990234375;10.17;152
1836.0;4718.7998046875;10.06;152
1837.0;4721.0;9.98;152
1838.0;4722.7001953125;9.87;152
1839.0;4724.5;9.68;152
1840.0;4726.39990234375;9.49;152
1841.0;4727.7998046875;9.33;152
1842.0;4729.89990234375;9.14;152
1843.0;4731.7001953125;9.01;151
1844.0;4732.7998046875;8.95;151
1845.0;4734.5;8.89;151
1846.0;4736.5;8.81;151
1847.0;4738.5;8.8;151
1848.0;4739.89990234375;8.79;151
1849.0;4742.2998046875;8.79;151
1850.0;4745.5;8.81;151
1851.0;4748.2001953125;8.94;151
1852.0;4751.10009765625;9.08;151
1853.0;4754.2998046875;9.23;151
1854.0;4757.5;9.76;151
1855.0;4760.5;10.5;151
1856.0;4764.10009765625;11.05;152
1857.0;4769.0;11.04;152
1858.0;4772.0;10.88;152
1859.0;4774.2998046875;10.39;152
1860.0;4776.39990234375;7.63;152
1861.0;4778.0;7.06;152
1862.0;4779.89990234375;6.85;152
1863.0;4781.2001953125;6.68;153
1864.0;4782.5;6.5;153
1865.0;4783.39990234375;6.5;153
1866.0;4783.60009765625;6.48;153
1867.0;4784.39990234375;6.47;153
1868.0;4786.0;6.53;153
1869.0;4787.39990234375;6.69;154
1870.0;4789.60009765625;6.92;154
1871.0;4792.2001953125;7.22;155
1872.0;4794.7001953125;7.56;155
1873.0;4797.39990234375;7.86;155
1874.0;4800.60009765625;8.1;155
1875.0;4803.89990234375;8.26;155
1876.0;4806.60009765625;8.43;155
1877.0;4809.7001953125;8.7;155
1878.0;4813.60009765625;8.92;155
1879.0;4816.2998046875;9.13;155
1880.0;4818.60009765625;9.3;155
1881.0;4821.2998046875;9.45;155
1882.0;4824.2001953125;9.61;155
1883.0;4827.39990234375;9.79;156
1884.0;4830.7001953125;9.98;156
1885.0;4834.10009765625;10.19;156
1886.0;4837.2998046875;10.42;156
1887.0;4840.7001953125;10.58;156
1888.0;4844.60009765625;10.75;156
1889.0;4848.10009765625;10.97;156
1890.0;4851.2001953125;11.04;156
1891.0;4854.10009765625;10.94;156
1892.0;4857.39990234375;10.85;156
1893.0;4860.2998046875;10.82;156
1894.0;4863.10009765625;10.82;156
1895.0;4866.10009765625;10.76;156
1896.0;4868.7998046875;10.6;156
1897.0;4870.60009765625;10.41;156
1898.0;4873.0;10.24;156
1899.0;4875.2998046875;10.03;156
1900.0;4877.7001953125;9.57;156
1901.0;4879.60009765625;9.22;156
1902.0;4881.7001953125;8.87;156
1903.0;4883.5;8.42;156
1904.0;4885.0;8.01;156
1905.0;4886.2001953125;7.59;156
1906.0;4887.0;7.01;156
1907.0;4887.7001953125;6.61;156
1908.0;4888.7998046875;6.5;156
1909.0;4890.2001953125;6.65;156
1910.0;4892.10009765625;6.95;156
1911.0;4893.89990234375;7.26;156
1912.0;4896.2998046875;7.54;156
1913.0;4898.39990234375;7.89;156
1914.0;4901.5;8.36;156
1915.0;4906.0;8.96;156
1916.0;4910.39990234375;9.47;156
1917.0;4914.7998046875;9.78;156
1918.0;4919.10009765625;10.02;156
1919.0;4922.7998046875;10.67;156
1920.0;4926.60009765625;11.05;156
1921.0;4929.7998046875;11.13;156
1922.0;4933.89990234375;11.19;156
1923.0;4937.39990234375;11.3;156
1924.0;4940.2998046875;11.35;156
1925.0;4943.2001953125;11.33;156
1926.0;4946.0;11.25;156
1927.0;4948.39990234375;11.17;156
1928.0;4951.0;11.17;157
1929.0;4953.89990234375;11.17;157
1930.0;4956.7998046875;11.04;157
1931.0;4959.5;10.73;157
1932.0;4961.39990234375;10.36;157
1933.0;4963.7001953125;9.85;157
1934.0;4966.2001953125;9.42;157
1935.0;4968.0;9.11;157
1936.0;4970.2998046875;8.97;157
1937.0;4972.39990234375;8.75;157
1938.0;4974.2001953125;8.59;157
1939.0;4975.7001953125;8.48;157
1940.0;4977.89990234375;8.41;156
1941.0;4980.5;8.32;156
1942.0;4982.60009765625;8.32;156
1943.0;4984.39990234375;8.28;156
1944.0;4986.60009765625;8.28;156
1945.0;4988.89990234375;8.33;156
1946.0;4991.60009765625;8.42;155
1947.0;4994.10009765625;8.55;155
1948.0;4996.89990234375;8.66;155
1949.0;4999.5;8.72;155
1950.0;5001.7998046875;8.65;155
1951.0;5004.2998046875;8.65;155
1952.0;5006.7998046875;8.54;155
1953.0;5009.10009765625;8.4;155
1954.0;5011.2001953125;8.29;154
1955.0;5013.0;8.2;154
1956.0;5015.0;8.08;154
1957.0;5016.89990234375;7.93;154
1958.0;5018.2001953125;7.74;153
1959.0;5019.60009765625;7.63;153
1960.0;5021.2998046875;7.75;153
1961.0;5023.2001953125;7.88;153
1962.0;5025.7001953125;8.18;153
1963.0;5028.39990234375;8.51;152
1964.0;5031.39990234375;8.8;152
1965.0;5034.10009765625;9.0;152
1966.0;5036.7998046875;9.1;152
1967.0;5040.0;9.14;152
1968.0;5043.39990234375;9.2;152
1969.0;5046.60009765625;9.22;151
1970.0;5049.7001953125;9.2;151
1971.0;5051.5;9.18;151
1972.0;5053.39990234375;9.16;151
1973.0;5055.39990234375;9.2;151
1974.0;5058.10009765625;9.76;151
1975.0;5061.2001953125;14.41;151
1976.0;5066.2001953125;15.16;151
1977.0;5070.60009765625;15.01;151
1978.0;5074.7998046875;14.05;151
1979.0;5078.39990234375;12.57;151
1980.0;5081.7001953125;11.83;151
1981.0;5085.2001953125;11.03;151
1982.0;5089.0;10.43;151
1983.0;5092.10009765625;10.34;151
1984.0;5094.60009765625;10.43;152
1985.0;5096.5;10.52;152
1986.0;5098.39990234375;10.44;152
1987.0;5100.7998046875;10.17;152
1988.0;5103.0;9.66;152
1989.0;5105.10009765625;9.22;152
1990.0;5107.2001953125;8.7;152
1991.0;5109.2998046875;8.47;152
1992.0;5111.2001953125;8.52;152
1993.0;5113.39990234375;8.73;152
1994.0;5115.60009765625;8.97;153
1995.0;5117.7001953125;9.29;153
1996.0;5120.39990234375;9.62;153
1997.0;5123.2001953125;9.9;153
1998.0;5126.89990234375;10.1;153
1999.0;5130.2001953125;10.35;154
2000.0;5133.39990234375;10.56;154
2001.0;5137.2998046875;10.83;154
2002.0;5140.89990234375;11.0;154
2003.0;5144.89990234375;11.41;154
2004.0;5148.39990234375;11.45;154
2005.0;5151.60009765625;11.38;154
2006.0;5154.7998046875;11.24;154
2007.0;5157.7001953125;11.19;154
2008.0;5160.89990234375;11.15;154
2009.0;5163.7998046875;11.12;153
2010.0;5166.7998046875;11.15;153
2011.0;5169.39990234375;11.16;153
2012.0;5171.89990234375;11.12;153
2013.0;5174.39990234375;11.09;153
2014.0;5177.10009765625;11.07;153
2015.0;5179.89990234375;11.03;153
2016.0;5182.89990234375;10.99;152
2017.0;5185.10009765625;10.94;152
2018.0;5187.2998046875;10.87;152
2019.0;5189.39990234375;10.72;153
2020.0;5191.89990234375;10.59;153
2021.0;5194.0;10.53;153
2022.0;5197.10009765625;10.51;153
2023.0;5199.2998046875;10.45;153
2024.0;5202.0;10.51;153
2025.0;5204.10009765625;10.5;153
2026.0;5207.5;10.43;153
2027.0;5210.39990234375;10.32;154
2028.0;5212.60009765625;10.23;154
2029.0;5215.5;10.04;154
2030.0;5218.39990234375;9.86;154
2031.0;5219.89990234375;9.7;155
2032.0;5221.2001953125;9.59;155
2033.0;5223.2998046875;9.5;155
2034.0;5225.2998046875;9.46;155
2035.0;5226.7001953125;9.5;156
2036.0;5229.39990234375;9.55;156
2037.0;5232.7998046875;9.6;157
2038.0;5235.10009765625;9.64;157
2039.0;5237.60009765625;9.64;157
2040.0;5240.5;9.66;157
2041.0;5244.2001953125;9.68;157
2042.0;5247.60009765625;9.7;157
2043.0;5250.5;9.73;157
2044.0;5253.39990234375;9.8;157
2045.0;5255.89990234375;9.88;157
2046.0;5258.7998046875;9.95;157
2047.0;5262.10009765625;10.0;157
2048.0;5265.2001953125;10.02;157
2049.0;5267.89990234375;9.94;157
2050.0;5270.5;9.92;156
2051.0;5273.5;9.84;156
2052.0;5276.0;9.77;156
2053.0;5278.7001953125;9.77;156
2054.0;5280.7998046875;9.69;156
2055.0;5283.10009765625;9.53;156
2056.0;5284.5;9.39;156
2057.0;5286.2998046875;9.28;156
2058.0;5287.89990234375;9.25;156
2059.0;5290.5;9.18;156
2060.0;5292.0;9.22;157
2061.0;5294.2001953125;9.31;157
2062.0;5295.89990234375;9.43;157
2063.0;5298.7001953125;9.62;157
2064.0;5301.7998046875;9.77;157
2065.0;5305.2998046875;9.77;157
2066.0;5308.0;9.65;157
2067.0;5310.10009765625;9.48;157
2068.0;5311.89990234375;9.3;157
2069.0;5314.2998046875;9.19;158
2070.0;5316.89990234375;9.12;158
2071.0;5319.2998046875;9.1;158
2072.0;5320.7001953125;9.1;158
2073.0;5322.5;9.1;158
2074.0;5324.2001953125;9.12;158
2075.0;5327.10009765625;9.19;157
2076.0;5330.10009765625;9.31;157
2077.0;5334.0;9.45;157
2078.0;5337.7998046875;9.73;156
2079.0;5341.39990234375;9.85;156
2080.0;5344.60009765625;9.98;156
2081.0;5347.60009765625;10.06;155
2082.0;5350.39990234375;10.09;155
2083.0;5353.2998046875;10.07;155
2084.0;5355.7001953125;10.01;155
2085.0;5357.2001953125;9.91;155
2086.0;5358.2001953125;9.81;154
2087.0;5359.2998046875;9.7;154
2088.0;5360.39990234375;9.58;154
2089.0;5361.7001953125;9.47;154
2090.0;5363.7001953125;9.37;154
2091.0;5366.2001953125;9.28;154
2092.0;5368.7001953125;9.22;154
2093.0;5370.60009765625;9.18;154
2094.0;5372.89990234375;9.14;154
2095.0;5375.60009765625;9.1;154
2096.0;5377.5;9.05;154
2097.0;5379.2998046875;8.98;154
2098.0;5381.2998046875;8.89;154
2099.0;5383.5;8.83;154
2100.0;5385.39990234375;8.79;153
2101.0;5387.5;8.77;153
2102.0;5390.10009765625;8.93;153
2103.0;5393.2001953125;9.06;153
2104.0;5396.0;9.19;153
2105.0;5399.10009765625;9.29;153
2106.0;5402.39990234375;9.37;153
2107.0;5405.7001953125;9.45;153
2108.0;5408.60009765625;9.48;153
2109.0;5411.2001953125;9.56;153
2110.0;5413.7001953125;9.55;153
2111.0;5416.10009765625;9.61;152
2112.0;5418.5;9.64;152
2113.0;5421.60009765625;9.82;152
2114.0;5424.2998046875;10.03;152
2115.0;5427.10009765625;10.15;152
2116.0;5430.2001953125;10.15;151
2117.0;5432.7998046875;10.06;151
2118.0;5435.2001953125;9.68;151
2119.0;5436.7001953125;8.61;151
2120.0;5438.2001953125;7.97;151
2121.0;5440.0;7.55;151
2122.0;5441.39990234375;7.22;151
2123.0;5442.5;6.74;151
2124.0;5442.89990234375;6.46;151
2125.0;5443.0;6.3;151
2126.0;5444.39990234375;6.39;151
2127.0;5446.2998046875;6.58;151
2128.0;5448.7001953125;7.23;151
2129.0;5451.7001953125;12.78;151
2130.0;5456.2001953125;14.57;151
2131.0;5460.2998046875;14.14;151
2132.0;5464.39990234375;13.32;151
2133.0;5468.10009765625;12.24;151
2134.0;5471.7998046875;12.27;151
2135.0;5475.89990234375;12.26;152
2136.0;5479.60009765625;12.2;152
2137.0;5482.7001953125;12.13;152
2138.0;5485.39990234375;12.1;152
2139.0;5488.7001953125;12.12;152
2140.0;5492.2001953125;12.19;152
2141.0;5495.0;12.28;152
2142.0;5496.7998046875;12.31;152
2143.0;5498.7998046875;12.25;152
2144.0;5500.5;12.1;152
2145.0;5502.89990234375;11.87;152
2146.0;5504.2998046875;11.57;152
2147.0;5504.2998046875;11.31;152
2148.0;5504.2998046875;11.07;153
2149.0;5504.2998046875;10.86;153
2150.0;5506.10009765625;10.68;153
2151.0;5508.89990234375;10.52;153
2152.0;5511.2998046875;10.4;153
2153.0;5513.7001953125;10.35;154
2154.0;5516.2998046875;10.28;154
2155.0;5519.0;10.24;154
2156.0;5522.5;10.23;155
2157.0;5525.60009765625;10.23;155
2158.0;5528.5;10.26;155
2159.0;5532.0;10.31;155
2160.0;5535.7998046875;10.38;156
2161.0;5539.39990234375;10.11;156
2162.0;5542.0;6.25;156
2163.0;5543.2001953125;4.06;156
2164.0;5543.7998046875;4.81;156
2165.0;5544.60009765625;5.92;156
